activation,num_neurons,learning_rate,optimizer,batch_size,accuracy,loss,balanced_accuracy,precision,recall,f1_score
ReLU,64,0.0001,Adam,16,0.6580882352941176,10.699657124631544,0.5769323671497584,0.6336577440392674,0.6580882352941176,0.6370041622787223
ReLU,64,0.0001,Adam,32,0.6691176470588235,7.939135888043572,0.5839371980676329,0.6444428444572443,0.6691176470588235,0.6449149704907874
ReLU,64,0.0005,Adam,16,0.6801470588235294,5.8163232014459725,0.5417874396135266,0.6730526194852942,0.6801470588235294,0.5954833003537806
ReLU,64,0.0005,Adam,32,0.6838235294117647,3.826885717756608,0.5365942028985508,0.7310072317900544,0.6838235294117647,0.5835286755338659
